Workbook

Sheet Übersicht
A1: Hyrox Single (Open) — Block 1
A2: Rennen 01.11.2026 · Zielzeit 1:15:00 (Stretch) / sub 1:25 (Plan)
A4: Wochenauswertung
A5: Woche | B5: Einheiten | C5: erledigt | D5: Soll km | E5: Ist km | F5: Erfüllung | G5: Fokus
A6: Woche 1 · 10.–16.08. | B6: =COUNTIFS(Log!$C$5:$C$32,1,Log!$D$5:$D$32,"<>Ruhetag") -> 6 | C6: =COUNTIFS(Log!$C$5:$C$32,1,Log!$I$5:$I$32,"Ja") -> 0 | D6: =SUMIFS(Log!$G$5:$G$32,Log!$C$5:$C$32,1) -> 28.6 | E6: =SUMIFS(Log!$H$5:$H$32,Log!$C$5:$C$32,1) -> 0 | F6: =IFERROR($E6/$D6,"") -> 0 | G6: Der einzige riskante Volumensprung im Block (+45 %). Zusatz-km kommen ausschließlich über Häufigkeit bei 6:00+/km. Beim ersten Ziehen in Schienbein, Achillessehne oder Knie: Dienstagseinheit ersatzlos streichen.
A7: Woche 2 · 17.–23.08. | B7: =COUNTIFS(Log!$C$5:$C$32,2,Log!$D$5:$D$32,"<>Ruhetag") -> 6 | C7: =COUNTIFS(Log!$C$5:$C$32,2,Log!$I$5:$I$32,"Ja") -> 0 | D7: =SUMIFS(Log!$G$5:$G$32,Log!$C$5:$C$32,2) -> 35.4 | E7: =SUMIFS(Log!$H$5:$H$32,Log!$C$5:$C$32,2) -> 0 | F7: =IFERROR($E7/$D7,"") -> 0 | G7: Erste echte Intervalleinheit, Farmers Carry auf Renngewicht. Ab jetzt nur noch 10–15 % Volumensteigerung pro Woche.
A8: Woche 3 · 24.–30.08. | B8: =COUNTIFS(Log!$C$5:$C$32,3,Log!$D$5:$D$32,"<>Ruhetag") -> 6 | C8: =COUNTIFS(Log!$C$5:$C$32,3,Log!$I$5:$I$32,"Ja") -> 0 | D8: =SUMIFS(Log!$G$5:$G$32,Log!$C$5:$C$32,3) -> 40.4 | E8: =SUMIFS(Log!$H$5:$H$32,Log!$C$5:$C$32,3) -> 0 | F8: =IFERROR($E8/$D8,"") -> 0 | G8: Höchstes Volumen des Blocks. Die Reise 28.–31.08. trifft nur Ruhetag und Wochenende — Sa und So brauchen ohnehin kein Equipment, es fällt nichts aus.
A9: Woche 4 · 31.08.–06.09. | B9: =COUNTIFS(Log!$C$5:$C$32,4,Log!$D$5:$D$32,"<>Ruhetag") -> 5 | C9: =COUNTIFS(Log!$C$5:$C$32,4,Log!$I$5:$I$32,"Ja") -> 0 | D9: =SUMIFS(Log!$G$5:$G$32,Log!$C$5:$C$32,4) -> 26.5 | E9: =SUMIFS(Log!$H$5:$H$32,Log!$C$5:$C$32,4) -> 0 | F9: =IFERROR($E9/$D9,"") -> 0 | G9: Bewusst leichter. Ziel ist Technik und Zahlen, nicht Belastung: erstes Gefühl für Ski, Row und Sled, plus die Benchmarks für Monat 2.
A10: Block 1 gesamt | B10: =SUM(B6:B9) -> 23 | C10: =SUM(C6:C9) -> 0 | D10: =SUM(D6:D9) -> 130.9 | E10: =SUM(E6:E9) -> 0 | F10: =IFERROR(E10/D10,"") -> 0
A12: Rückenroutine abgehakt | B12: =COUNTIF(Log!$K$5:$K$32,"gut")+COUNTIF(Log!$K$5:$K$32,"leicht spürbar") -> 0 | G12: Zählt Tage mit unauffälligem Rücken (gut / leicht spürbar).
A13: Tage mit Schmerz | B13: =COUNTIF(Log!$K$5:$K$32,"Schmerz") -> 0 | G13: Ab 2 Tagen: Belastung runter, ärztlich abklären lassen.
A15: Zeitbudget für 1:15
A16: Segment | B16: Budget | G16: Bedeutung
A17: 8 Laufsplits (inkl. Roxzone) | B17: ≈ 38:00 | G17: ø 4:45/km — nach jeder Station
A18: 8 Stationen | B18: ≈ 32:00 | G18: z.B. Ski 4:20 · Row 4:00 · Wall Balls 5:40
A19: Übergänge / Puffer | B19: ≈ 5:00 | G19: Realität
A21: So füllst du das aus
A22: • Nur die gelben Spalten H–L im Blatt „Log“ ausfüllen — alles andere ist Plan oder Formel.
A23: • Beispielzeile: Datum 12.08. · Ist km 7,4 · Erledigt „Ja“ · RPE 7 · Rücken „leicht spürbar“ · Notiz „3×6 min gehalten, letzter Block schwer, Pace 4:52“.
A24: • „Erledigt“ und „Rücken“ sind Auswahllisten, RPE akzeptiert 1–10.
A25: • Die Splits der Benchmark-Session am 05.09. gehören ins Blatt „Benchmark 05.09.“.
A26: • Alle Zahlen hier oben berechnen sich automatisch aus dem Log.

Sheet Log
A1: Trainingslog — Block 1 (10.08.–06.09.2026)
A2: Gelbe Spalten H–L ausfüllen. Alles andere ist der Plan und enthält Formeln bzw. Sollwerte — bitte nicht überschreiben.
A4: Datum | B4: Tag | C4: Woche | D4: Typ | E4: Einheit | F4: Soll min | G4: Soll km | H4: Ist km | I4: Erledigt | J4: RPE 1–10 | K4: Rücken | L4: Notiz / Splits / Gewichte
A5: 46244 | B5: Mo | C5: 1 | D5: Kraft B | E5: Kraft B — Zug & Carries | F5: 65 | G5: 0
A6: 46245 | B6: Di | C6: 1 | D6: Easy Run | E6: Easy Run — 5 km | F6: 45 | G6: 5
A7: 46246 | B7: Mi | C7: 1 | D7: Laufqualität | E7: Threshold — 3 × 6 min | F7: 55 | G7: 7
A8: 46247 | B8: Do | C8: 1 | D8: Kraft A | E8: Kraft A — Beine & Push | F8: 70 | G8: 0
A9: 46248 | B9: Fr | C9: 1 | D9: Ruhetag | E9: Ruhetag | F9: 0 | G9: 0
A10: 46249 | B10: Sa | C10: 1 | D10: Hyrox-Session | E10: Compromised — 4 Runden | F10: 60 | G10: 6.6
A11: 46250 | B11: So | C11: 1 | D11: Long Run | E11: Long Run — 10 km | F11: 70 | G11: 10
A12: 46251 | B12: Mo | C12: 2 | D12: Kraft B | E12: Kraft B — Zug & Carries | F12: 65 | G12: 0
A13: 46252 | B13: Di | C13: 2 | D13: Easy Run | E13: Easy Run — 7 km | F13: 48 | G13: 7
A14: 46253 | B14: Mi | C14: 2 | D14: Laufqualität | E14: Intervalle — 6 × 3 min | F14: 60 | G14: 9
A15: 46254 | B15: Do | C15: 2 | D15: Kraft A | E15: Kraft A — Beine & Push | F15: 70 | G15: 0
A16: 46255 | B16: Fr | C16: 2 | D16: Ruhetag | E16: Ruhetag | F16: 0 | G16: 0
... A32: 46271 | B32: So | C32: 4 | D32: Long Run | E32: Long Run — 12 km locker | F32: 85 | G32: 12
E34: Summe / Schnitt | F34: =SUM(F5:F32) -> 1555 | G34: =SUM(G5:G32) -> 130.9 | H34: =SUM(H5:H32) -> 0 | I34: =COUNTIF(I5:I32,"Ja")&" von "&COUNTIF(D5:D32,"<>Ruhetag") -> 0 von 23 | J34: =IFERROR(ROUND(AVERAGEIF(J5:J32,">0"),1),"–") -> –

Sheet Benchmark 05.09.
A1: Benchmark-Session · Sa 05.09.2026
A2: Effort ca. 85 %, kein Maximaltest. Jeden Split sofort nach dem Abschnitt notieren. Format mm:ss. Die Referenzspalte ist das Renntempo für 1:15 — Abweichung ist erwartet und genau die Information, die Monat 2 steuert.
A4: # | B4: Abschnitt | C4: Referenz 1:15 | D4: Ist (mm:ss) | E4: Notiz
A5: 1 | B5: 1000 m SkiErg | C5: 4:20
A6: 2 | B6: 1000 m Lauf | C6: 4:45
A7: 3 | B7: 500 m Row | C7: 2:00
A8: 4 | B8: 1000 m Lauf | C8: 4:45
A9: 5 | B9: 40 m Burpee Broad Jumps | C9: 2:10
A10: 6 | B10: 1000 m Lauf | C10: 4:45
A11: 7 | B11: 50 Wall Balls | C11: 2:50
A12: 8 | B12: 1000 m Lauf | C12: 4:45
B13: Gesamtzeit | C13: 30:20
B15: Zusatzangaben
B16: Max. Klimmzüge in einem Satz
B17: Sled Push — Gefühl / Gewicht
B18: Sled Pull — Gefühl / Rücken
B19: Ski: gefühlte Technik 1–5
B20: Row: gefühlte Technik 1–5
B21: Körpergewicht heute (kg)

Sheet Referenz
A1: Referenz
A3: Trainingspaces (aus 5 km ≈ 22:30, VDOT ~43,5)
A4: Zone | B4: Pace /km | C4: Wofür
A5: Easy / Recovery | B5: 6:00 – 6:20 | C5: Alle Grundlagenläufe. Nasenatmung möglich, Gespräch problemlos.
A6: Long Run | B6: 5:50 – 6:10 | C6: Sonntag. Nur die letzten km optional schneller.
A7: Steady | B7: 5:05 – 5:15 | C7: Progressive Enden, Sled-Ersatz-Blöcke.
A8: Threshold (T) | B8: 4:45 – 4:55 | C8: Tempoblöcke 5–10 min. Komfortabel hart, ca. 1h-Renntempo.
A9: Interval (I) | B9: 4:20 – 4:30 | C9: 3–5 min Intervalle. VO2max.
A10: Rep | B10: 4:00 – 4:10 | C10: 400er. Nur zur Schärfung, wenig Volumen.
A11: Race-Pace-Vision | B11: 4:40 – 4:50 | C11: Zieltempo pro Laufsplit am 01.11. Kommt ab Monat 2.
A13: Stations-Substitute (August, ohne Gym)
A14: Station (Open) | B14: Ersatz bis 31.08. | C14: Hinweis
A15: 1000 m SkiErg | B15: Klimmzüge, DB-Rudern, Hang-Cleans | C15: Nicht ersetzbar. Ab 01.09. Technik-Priorität Nr. 1.
A16: 50 m Sled Push (152 kg) | B16: Hügel steil bergauf, 30–40 s, starker Vorlehnen | C16: 90 kg sind hier ein Vorteil. Kommt relativ schnell.
A17: 50 m Sled Pull (103 kg) | B17: Klimmzüge + einarmiges Rudern | C17: Technisch anspruchsvollste Station. Rücken beachten.
A18: 80 m Burpee Broad Jumps | B18: 1:1 möglich — jeden Samstag draußen | C18: Bei 193 cm teuer. Deshalb ab Woche 1 dabei.
A19: 1000 m Row | B19: — | C19: Nicht ersetzbar. Ab 01.09.
A20: 200 m Farmers Carry (2×24 kg) | B20: 1:1 mit 2×20 kg, dafür längere Distanz | C20: Griffkraft ist der Limiter.
A21: 100 m Sandbag Lunges (20 kg) | B21: Rucksack mit 15–20 kg, Walking Lunges | C21: Rucksack > Hanteln, weil die Last oben liegt.
A22: 100 Wall Balls (6 kg, 3,05 m) | B22: DB Thruster 2×8–10 kg, hohe Reps | C22: Deine leichteste Station — 250 cm Reichhöhe.
A24: Kraft A — Beine & Push (Do)
A25: Übung / Vorgabe
A26: Warmup 8 min: Beinpendel, 90/90-Hüfte, 15 Glute Bridges, 10 Bodyweight-Lunges/Seite, Sprunggelenk-Mobility
A27: DB Front-Rack Squat — W1 3×10 RPE6 · W2 4×10 · W3 4×8
A28: Bulgarian Split Squat — 3 × 10/Seite, W1 Körpergewicht · W2 2×10–12 kg · W3 2×12–14 kg
A29: Rumänisches Kreuzheben (RDL) — 3 × 10 leicht. Rücken neutral, Form vor Gewicht
A30: DB Thruster — W1 3×12 · W2 3×15 · W3 4×15 (dein Wall-Ball-Ersatz: leicht, flüssig, viele Reps)
A31: DB Schulterdrücken oder Push-ups — 3 × 10–12
A32: Step-ups auf Bank/Stufe mit Hanteln — 3 × 12/Seite
A33: Dead Bug 3 × 10/Seite + Side Plank 3 × 35 s/Seite
A35: Kraft B — Zug, Carries & Rumpf (Mo)
A36: Übung / Vorgabe
... A56: Schmerz der ins Bein zieht, Taubheit/Kribbeln, oder Morgensteifigkeit über 30 min → Einheit streichen und ärztlich abklären lassen.
